"","census_tract_code","year","arrests_B","arrests_W","arrests_total","pct_arr_w","pct_arr_b","pct_arr_t","pct_arr_tot","pct_arr_wow","pct_arr_bob","sir_tot","sir_b","sir_w","sumres_t","sumres_w","sumres_b"
"1",10100,2010,965,693,1658,41.7948254025692,58.1991435980942,100,52.58317211633,84.2963143169931,45.6027597939606,15.3763580834575,127.690673209384,1206.4293554304,0.295982033014297,0.471197366714478,-0.285936594009399
"2",10100,2011,854,754,1614,46.7133387026826,52.9087417136485,100,58.7101233130843,121.007863906275,43.3480533983047,17.1657400622227,136.766793986339,1482.00998038687,1.05965912342072,2.00338315963745,1.54446256160736
"3",10100,2012,839,772,1617,47.7397810896048,51.8830004328737,100,56.2024260540127,137.586882908572,37.0730414033847,16.4332873691039,119.277393926266,1592.79378871564,0.616749584674835,2.02080392837524,1.43994891643524
"4",10100,2013,752,701,1454,48.2085138573688,51.71583797538,100,59.0552780147029,110.202798302154,41.8918166118879,17.2645895772702,149.510008203307,1421.75163406743,0.832287430763245,1.79987180233002,1.081258893013
"5",10100,2014,629,539,1169,46.1038405611154,53.8020699683517,100,52.8457122191583,95.2128599187423,38.6577346198759,15.447244174921,163.907582819908,1345.70689992902,1.79983878135681,2.296790599823,2.12747359275818
"6",10100,2015,571,574,1153,49.7788569941896,49.5186887520597,100,53.3524593956781,67.9209560998698,44.6756904780534,15.5949009220822,206.499250123544,1106.39065213122,2.56450366973877,2.22774314880371,2.13454532623291
"7",10100,2016,696,615,1315,46.7645046004106,52.9237320355866,100,58.5720012471605,69.7199863961002,55.2775792232547,17.1214075915824,210.890681919119,1105.06049172256,1.73908305168152,1.38447630405426,1.16791379451752
"8",10100,2017,657,554,1215,45.59295531232,54.0696238992675,100,53.9736129003598,61.1411543979693,53.6282752428373,15.7772878399613,216.162130133975,1045.46907568672,0.725639939308167,-0.421643912792206,-0.949543952941895
"9",10100,2018,437,477,920,51.8421910661885,47.4948375176611,100,40.5804772617,50.5778814547768,36.9681076051096,11.8623805807212,219.985642344062,962.369818053784,0.239521741867065,-0.409998416900635,-0.967342138290405
"10",10200,2010,177,147,325,45.2168563518917,54.4447862196247,100,9.87811920610316,10.6052954332299,9.33003004585947,2.88866489672784,133.457842265788,440.237255774075,0.923522651195526,1.83420693874359,2.75392842292786
"11",10200,2011,272,118,390,30.248654191233,69.7257113560625,100,11.336879741868,7.33329190230564,14.9854002534296,3.31537529885077,142.934288377274,363.315164639271,0.518892645835876,0.63615220785141,1.9553405046463
"12",10200,2012,221,88,309,28.4697508896797,71.4978971206729,100,8.75329310784397,5.50653901508041,11.5822021906609,2.5598806641625,134.758343330593,300.931630657055,-0.26531994342804,-0.25518473982811,0.704351544380188
"13",10200,2013,181,135,316,42.708003796267,57.2603606453654,100,8.80934459591313,8.4900320734545,9.19668716020528,2.57630555048042,129.202260238588,395.802833948919,-0.252679914236069,-0.012608839198947,0.359182119369507
"14",10200,2014,212,125,337,37.0809848709582,62.8893503411451,100,9.11032413289719,7.44890054227996,11.4961227699149,2.66439097397265,138.76981200776,369.977998730235,0.185310840606689,-0.203800767660141,0.282431721687317
"15",10200,2015,163,88,252,34.9067830226101,64.6568821896073,100,6.80510923280495,5.24402598176509,8.73479449118483,1.99021311510917,134.619959158789,296.244447329466,-0.270698457956314,-0.717844128608704,-0.114035576581955
"16",10200,2016,212,148,361,40.9858764885073,58.7094987538078,100,9.90642408276392,7.43307719351112,14.7416730408177,2.89718371488915,174.718134127185,375.950961713304,0.916434228420258,0.201888367533684,0.758234441280365
"17",10200,2017,167,131,298,43.9449849043945,56.0214693056021,100,8.27065582415143,6.5660869129367,12.5460145744121,2.41877369882781,183.155058226107,352.371194683477,0.973093032836914,-0.510656714439392,-0.26546111702919
"18",10200,2018,203,120,324,37.025609379821,62.6349892008639,100,9.24895092917702,6.12838976558909,15.2734933413588,2.7048179862342,187.043171603269,338.575752678175,1.02615237236023,-0.438459783792496,0.092858612537384
"19",10300,2010,253,103,358,28.7629153867635,70.6506562412734,100,7.0139691620462,4.39213679587224,9.64875481484306,2.05172558517744,100.291647809807,287.111304021004,-0.791282057762146,-0.288750022649765,0.973348438739777
"20",10300,2011,375,156,535,29.1534292655578,70.0803588114371,100,10.6148687526041,7.09381110454277,13.893520062243,3.10503856273373,98.7798070899179,366.660189652847,0.11488600820303,0.302124738693237,1.51491689682007
"21",10300,2012,391,196,587,33.3844319536706,66.5985351728837,100,12.1756445624443,8.72623658786341,16.1097606196696,3.56150265627942,109.657588928628,400.550093632079,0.300197750329971,0.203436106443405,1.09898948669434
"22",10300,2013,470,140,612,22.872079725535,76.7848390785819,100,11.2933882009928,6.35179892019418,15.4093308416118,3.30364712679388,88.0945120736657,347.56893445248,0.333624601364136,-0.680572986602783,0.672233521938324
"23",10300,2014,346,115,461,24.9403600086749,75.0379527217523,100,9.44265787263677,5.28711323617305,13.2056028395863,2.76209585119274,101.446869317473,315.594101665024,0.183480456471443,-0.927391290664673,0.317501723766327
"24",10300,2015,325,150,477,31.4399496960805,68.1198910081744,100,9.24221580670787,6.25495183687086,12.1763890449964,2.70354860694292,99.4530578109979,343.714937679502,-0.0153275383636355,-0.879740595817566,-0.112319558858871
"25",10300,2016,397,131,536,24.4357396008207,74.0533482559224,100,9.39839736283775,4.65844031151097,14.2493090700262,2.74937813449475,95.9097844303324,296.308880713633,-0.57609748840332,-1.59351301193237,-0.571016550064087
"26",10300,2017,321,129,454,28.4078396828892,70.6892754899802,100,8.05664495749853,4.98242632575026,10.836906248945,2.35685194026533,89.8566434733821,307.506010003089,-0.936224460601807,-0.767763316631317,0.252965897321701
"27",10300,2018,378,128,513,24.9464042097057,73.6698499317872,100,8.69182155503973,4.71437516113587,12.0493449364062,2.54272110357575,85.3173525013989,298.78486225322,-0.652934551239014,-0.936136722564697,0.0457372814416885
"28",10400,2010,93,140,233,60.0600600600601,39.8970398970399,100,8.3629446179247,5.90194342565659,41.3149711239449,2.44520167444391,527.06119510916,334.723741069685,0.817032158374786,0.549745738506317,1.31896829605103
"29",10400,2011,76,104,184,56.4910374796306,41.2819120043455,100,6.74956898132864,4.44045941676274,32.3266695023394,1.97343040715558,459.907006675718,288.823051819461,0.485525697469711,0.395679146051407,1.44823038578033
"30",10400,2012,58,78,137,56.8927789934355,42.3048869438366,100,4.85970699868752,3.04081712213949,30.5102577590742,1.42092351741351,413.502461417656,235.299050711712,-0.119854003190994,-0.0377309732139111,1.10010755062103
"31",10400,2013,49,96,148,64.8210668467252,33.0857528696827,100,4.87949622498434,3.42600192712608,27.8250993753549,1.42681050696176,372.589763483475,254.783539174698,-0.154403045773506,-0.00718841794878244,0.662720263004303
"32",10400,2014,43,77,123,62.5507717303006,34.9309504467912,100,4.01816340531182,2.76074719443548,20.6631427198462,1.17495871106921,324.092057363273,225.711935336376,-0.145843997597694,0.0581347867846489,0.886121571063995
"33",10400,2015,56,141,197,71.5372907153729,28.4119736174531,100,6.71415425513786,5.32658380869631,25.213867627195,1.96322006071491,385.088949025328,316.642150586602,1.13643026351929,1.25607204437256,1.83704853057861
"34",10400,2016,45,98,144,68.0083275503123,31.2283136710618,100,5.04007560113402,3.7792603447611,22.7158001009591,1.47368089675653,339.481936201596,267.020805359609,0.665827691555023,0.654566407203674,1.27865743637085
"35",10400,2017,42,32,74,43.1848852901485,56.6801619433198,100,2.40799192997299,1.19755997155795,19.6170014012144,0.704127981355306,316.172992778588,124.904295814225,-0.144035696983337,-0.618596613407135,1.02572977542877
"36",10400,2018,46,57,103,55.286129970902,44.6168768186227,100,3.39810629804361,2.2057969892806,17.9617336977743,0.993637573938312,321.629637346554,192.046684376023,0.443304240703583,0.125307768583298,1.34579586982727
"37",10501,2010,232,244,476,51.2497374501155,48.7292585591262,100,13.8731019206668,11.6019209738006,21.4993976461866,4.05706344396197,228.738399338418,454.16362016561,2.55709433555603,1.96231913566589,2.48997139930725
"38",10501,2011,192,310,502,61.7406891057558,38.2393945429197,100,12.6445177703332,14.357834282803,12.6473881825967,3.69818841494094,164.886114879418,484.462669654444,1.85603332519531,1.42009735107422,1.23536372184753
"39",10501,2012,178,351,535,65.5952158475051,33.2648103158288,100,12.9036926268059,14.9355346580997,12.6861948542513,3.77410422624402,175.877139338277,472.967799508541,1.89234852790833,2.00596141815186,1.59693658351898
"40",10501,2013,162,378,546,69.2180919245559,29.6648965390954,100,13.431403901503,15.6905068282761,10.9674361925394,3.92839720456334,166.347431440044,473.398738680996,1.0156432390213,0.974018037319183,0.0300615169107914
"41",10501,2014,146,313,460,68.0286894153445,31.7322321234514,100,10.502043332344,11.5069298922834,10.237711240446,3.07177565699586,169.695307460866,412.090155246971,0.523213565349579,0.679359316825867,-0.24176698923111
"42",10501,2015,108,226,334,67.6444178389704,32.3256510026938,100,7.22615261461241,7.53559401153679,7.72476932980474,2.11367146166083,165.791950745429,350.140907947179,0.228620424866676,0.152959495782852,-0.70642751455307
"43",10501,2016,124,253,385,65.6972215009089,32.199428719813,100,8.67097587892165,8.39666788357506,10.4456237890658,2.53622308785848,194.490874731704,360.912840897344,0.198520511388779,0.358486354351044,-0.585855066776276
"44",10501,2017,124,181,307,58.938456528818,40.3777271247151,100,7.18279871785873,6.36405189690939,10.1133675882881,2.10088576446497,189.24864295581,336.231402889482,-0.752377688884735,-0.766580700874329,-1.41807126998901
"45",10501,2018,102,254,362,70.1463684065175,28.169014084507,100,8.23457155205751,7.93725196087622,8.72465999486785,2.40856136428503,190.482153997827,345.956358004592,-0.727455317974091,-0.903035819530487,-2.23363757133484
"46",10502,2010,191,236,428,55.1273067040411,44.6157439850502,100,5.80331114154384,4.70016530242377,9.9890173108101,1.69787341363414,133.220185756249,241.116500829533,-1.33604729175568,-1.68419981002808,-2.04371404647827
"47",10502,2011,181,308,493,62.4619752585682,36.7065503954573,100,6.62536452943785,5.53648145817979,13.1626790778852,1.93838797270738,179.397221749869,232.26249897584,-1.1151636838913,-1.26617419719696,-1.69611275196075
"48",10502,2012,202,309,515,59.9883517763541,39.2156862745098,100,6.44466969503573,5.17319314928597,17.1462524403701,1.88557122942421,208.44797368216,218.68306388262,-1.40360367298126,-1.37236928939819,-1.63079035282135
"49",10502,2013,159,224,387,57.8661844484629,41.0746577111857,100,4.67837671208037,3.55437076530046,13.4620269240538,1.36880847481936,202.339155152858,198.623233649535,-1.22523081302643,-1.42541658878326,-1.66843247413635
"50",10502,2014,125,225,355,63.3624331174317,35.2013517319065,100,4.222119147013,3.51118116134268,10.3553972330379,1.23532258293683,192.004328703701,196.064833700393,-1.4330028295517,-1.50131511688232,-2.12481808662415
"51",10502,2015,155,234,393,59.5268379547189,39.4301704400916,100,4.78970396460738,3.99515118403305,9.97361817128885,1.40137690779248,158.213112342763,212.58308269224,-0.622849881649017,-0.620428919792175,-0.746900141239166
"52",10502,2016,140,257,400,64.2339415146213,34.9912521869533,100,4.72137958711536,4.17133304117771,9.84459601997047,1.38140147906688,169.271717529236,207.153243552133,0.184914857149124,-0.341746389865875,-0.516195952892303
"53",10502,2017,190,250,443,56.4206725344166,42.8797111261566,100,5.06106408015446,4.04001228163734,10.370612957808,1.48080368056709,138.562246772122,205.47050001439,0.272987067699432,-0.597571671009064,-0.674178838729858
"54",10502,2018,183,253,441,57.356608478803,41.4871911131263,100,5.09938599229889,3.91938157425911,10.1323293283871,1.49201034157257,140.01374800272,198.693885896484,0.567265391349792,0.0764493718743324,0.274563133716583
"55",10600,2010,175,202,377,53.5666931848316,46.4067886502254,100,9.28319913323976,5.41105247649407,185.972369819341,2.71513453331591,1092.80906061191,290.399832910546,2.15916800498962,1.63074135780334,2.89358115196228
"56",10600,2011,140,215,355,60.5463249788792,39.4255139397353,100,8.9126559714795,6.01213612594726,119.555935098207,2.60672318248799,875.715079347675,304.833458168121,2.61805510520935,1.88710141181946,2.80574369430542
"57",10600,2012,132,148,283,52.2783468738961,46.6266336983398,100,7.39077067718263,4.32230367103764,103.855232100708,2.16154913033443,818.509425690487,277.646456521159,2.66686511039734,1.83993124961853,3.13773536682129
"58",10600,2013,85,191,277,68.9281847708408,30.6748466257669,100,6.93002426759401,5.38316281953722,53.763440860215,2.0268593160194,570.178430658776,295.948542654642,2.8882520198822,1.95897507667542,2.46985936164856
"59",10600,2014,112,180,294,61.2036722203332,38.0822849370962,100,7.38860546354703,4.7668229125288,121.606948968512,2.16097597380143,813.538782794704,278.334426067442,2.85439682006836,1.80433130264282,2.57219433784485
"60",10600,2015,98,172,270,63.680118474639,36.2828582006664,100,6.83354002682797,4.59144176610341,55.6501987507098,1.99862363682719,601.138977024585,275.880062841558,2.70539903640747,1.69229805469513,2.22824382781982
"61",10600,2016,109,166,275,60.3416939294802,39.62195565249,100,6.55370463049022,4.26724248733966,57.6414595452142,1.91685945033939,621.887977170889,265.856313519821,2.45160913467407,1.53328621387482,2.36365652084351
"62",10600,2017,116,188,307,61.2178443503745,37.7727124715076,100,7.426041943833,4.9668436765211,48.9245044285112,2.17198298708597,578.72516696255,281.576413445005,2.31864476203918,1.26636219024658,1.98304903507233
"63",10600,2018,110,146,256,57.0089808668489,42.951971885982,100,6.17298835330713,4.0780983771403,48.0139676996945,1.80549133757101,572.822130550837,268.619416087457,2.01370692253113,0.932809293270111,2.01434063911438
"64",10700,2010,57,108,165,65.4149000605694,34.5245305875227,100,3.82466794928258,4.58774053778514,4.34418108375886,1.11867810946407,152.763833299436,294.205133159262,1.14197540283203,1.37102818489075,1.62419652938843
"65",10700,2011,56,59,115,51.25977410947,48.6533449174631,100,2.65398906094944,2.48515226822796,3.6598915103588,0.776268170048352,135.620879933378,202.015638917289,0.384863317012787,0.410995632410049,1.01492321491241
"66",10700,2012,69,76,147,51.6655336505778,46.9068660774983,100,3.58527840784371,3.16521594269293,5.0251256281407,1.04862316157504,154.709966341557,237.551984537732,0.360709428787231,0.482206493616104,0.919073283672333
"67",10700,2013,68,69,137,50.328227571116,49.598832968636,100,3.17563338819221,2.88932624261966,4.16896572864938,0.928841824221686,134.640017307583,223.812135865973,-0.580724000930786,-0.367453843355179,-0.0774050205945969
"68",10700,2014,66,79,145,54.4452101998622,45.4858718125431,100,3.40128075813375,3.58098000997235,3.65428270859864,0.994833688084005,123.29150019961,251.160634704448,-0.419428378343582,-0.0723412707448006,-0.0632665902376175
"69",10700,2015,84,89,173,51.4153668399769,48.526863084922,100,3.90070122432414,3.84598764098354,4.76974618136392,1.14093748453703,131.201774904378,265.38998253911,-0.361513137817383,-0.00343796866945922,0.295495212078094
"70",10700,2016,84,88,174,50.5456634118323,48.248133256749,100,3.94638361570388,3.74452150972299,5.03868994061544,1.15429504193122,137.389644781822,261.969686831647,-0.20136122405529,-0.0924464613199234,0.164965346455574
"71",10700,2017,95,131,226,57.9389650597081,42.0168067226891,100,5.00986455631664,5.27141764918917,5.67469087868108,1.46537847318123,139.542263308831,316.460791234287,0.350603580474854,0.305653244256973,0.257392823696136
"72",10700,2018,102,148,251,58.9406610911987,40.621266427718,100,5.46471881735647,6.22607378738799,5.34003455316476,1.59844058816915,125.692912156958,343.217507713285,0.225718513131142,0.585915625095367,0.431162804365158
"73",10800,2010,76,103,181,56.8746548868029,41.9657647708448,100,6.27361269973311,7.42021468193934,11.4268531047963,1.83437563422917,267.046067678713,350.382942459725,2.15838193893433,0.977571725845337,0.122484564781189
"74",10800,2011,58,126,185,68.0713128038898,31.334413830362,100,6.7026557008804,9.29820677440779,8.93544908334617,1.95973896861497,244.224683826546,403.569766584196,1.91813492774963,0.819809317588806,-0.520794928073883
"75",10800,2012,81,133,216,61.5455807496529,37.482646922721,100,9.56132973307954,9.58834979453536,14.9972227365303,2.79493095256422,311.821553059943,414.01441633063,2.09219861030579,1.06819927692413,0.327344655990601
"76",10800,2013,60,114,174,65.4796094198736,34.4629523262493,100,7.18978554605182,6.71338554855427,21.8102508178844,2.10186507181922,374.34872004258,348.38427980926,1.86028969287872,1.04576790332794,0.175832182168961
"77",10800,2014,56,112,168,66.627007733492,33.313503866746,100,7.80270307928104,7.82614771853819,16.9645561950924,2.28071568219904,334.313037078121,366.80463018391,1.25619721412659,1.16332614421844,0.184442296624184
"78",10800,2015,29,99,132,74.9432248296745,21.9530658591976,100,5.2861319130191,5.59606579616754,9.53633673133838,1.54540572812941,219.354983417979,314.181705076789,0.185427308082581,0.419927567243576,-1.28674972057343
"79",10800,2016,56,126,188,66.9856459330144,29.7713981924508,100,6.96528472453781,7.07427993936331,13.5233035498672,2.03647999984525,303.21695401617,362.600302699543,0.34521147608757,0.633606493473053,-0.559074103832245
"80",10800,2017,52,132,185,71.3128038897893,28.0929227444625,100,6.99670965545933,7.43620077742099,12.2324159021407,2.04562336810725,287.728200038151,372.888852186729,0.442438662052155,0.734408318996429,-0.500163674354553
"81",10800,2018,61,165,233,70.7850707850708,26.1690261690262,100,8.0148601699288,9.08040283968962,10.9299408708117,2.34352578326183,271.925851570953,415.569430264011,0.896554529666901,0.890019774436951,-0.432147204875946
"82",10900,2010,24,69,94,73.3262486716259,25.5047821466525,100,4.34561508945495,3.46716245414803,36.8663594470046,1.27022295481424,227.045384821609,237.729387210427,2.18125343322754,1.82683920860291,1.64207744598389
"83",10900,2011,15,104,119,87.3215785054576,12.5944584382872,100,5.28395719550642,5.19714157213533,15.1362260343088,1.54457994478829,142.276440224376,308.811722125025,2.64471912384033,2.27961397171021,1.39067685604095
"84",10900,2012,13,65,79,82.1744627054362,16.4348925410872,100,3.59564880979473,3.18611832753296,18.2841068917018,1.05102909668969,125.755187891728,226.362319969023,2.26600527763367,1.49755549430847,0.814831256866455
"85",10900,2013,6,53,59,89.6785109983079,10.1522842639594,100,2.50839675183878,2.47999625660942,5.08044030482642,0.733281077490256,58.4865205065151,193.120748003236,1.36003386974335,0.525153517723083,-0.751043796539307
"86",10900,2014,15,40,55,72.5952813067151,27.2232304900181,100,2.23295846697251,1.80578754909485,9.60922485586163,0.652797357335892,138.183973737454,154.899830734388,1.39547324180603,1.47357130050659,1.51940560340881
"87",10900,2015,11,54,66,81.6944024205749,16.6414523449319,100,2.79412387282503,2.77335524626367,3.690036900369,0.816812003428245,98.2362437487892,200.667963137429,1.4846134185791,1.23358750343323,0.523511588573456
"88",10900,2016,24,70,95,73.6067297581493,25.2365930599369,100,4.21080625858783,3.6917884077844,7.99733422192602,1.2308845650361,190.02000846601,243.707593506849,2.12895941734314,1.275750041008,0.875186383724213
"89",10900,2017,27,107,136,78.6186627479794,19.8383541513593,100,5.50584996558844,5.43395459854756,8.0333234156501,1.60962061627787,202.794123374896,316.128533815477,2.58289980888367,1.82117605209351,1.23147869110107
"90",10900,2018,18,58,76,76.215505913272,23.6530880420499,100,3.14686762452901,2.84718472338128,8.0681308830121,0.919954444679881,156.978581319772,208.895718480649,2.30269575119019,1.01682388782501,0.493331253528595
"91",11000,2010,254,64,321,19.93148551853,79.1030831516661,100,12.9796611540172,5.9695923887697,18.8553188330488,3.79457473173791,188.211076953917,261.124258482768,-0.7064408659935,-0.651159286499023,0.0256093591451645
"92",11000,2011,263,58,326,17.7859552284575,80.6501073290402,100,13.3055793641076,4.9695827264159,22.3430464701385,3.88981449696293,213.726048288306,237.230747709355,-0.804046332836151,-0.995249152183533,-0.314659148454666
"93",11000,2012,219,65,284,22.8792678634284,77.0855332629356,100,12.230308772232,5.32306936368848,22.5982870704778,3.57523781227686,250.270088131896,257.769048646295,-0.331527978181839,-0.476918250322342,-0.00435698172077537
"94",11000,2013,264,51,316,16.1341347674786,83.5178740904777,100,14.3825952391789,4.20410518506306,30.6941053365888,4.20411638675876,284.107668417794,211.916955532479,0.080749124288559,-0.65406858921051,0.175899118185043
"95",11000,2014,200,79,279,28.305266929416,71.6589036187746,100,10.8387397537003,6.62140642024977,15.56299120691,3.16882313396191,192.564521831981,301.589769693201,-1.01925373077393,-1.41472554206848,-1.55115365982056
"96",11000,2015,213,69,283,24.3730130695867,75.2384316495938,100,11.5035974147392,5.8370696218594,18.392194111044,3.36303052899665,212.822283845778,272.076402562836,-0.586782455444336,-1.23516619205475,-1.03897988796234
"97",11000,2016,194,92,286,32.1565886053827,67.8084585809158,100,11.8470651588584,8.16254103451335,15.8225267107088,3.4633662014457,200.277743302491,343.093899729742,-0.523642361164093,-1.24701237678528,-1.47655498981476
"98",11000,2017,224,119,343,34.6837656659866,65.2870883124453,100,14.632481549422,11.1831594774927,18.7432014057401,4.27750429542295,207.86470192896,420.166478390435,-0.476204752922058,-0.971408247947693,-1.39278256893158
"99",11000,2018,255,96,351,27.342637425235,72.6288806607804,100,15.3671030165054,8.05301568660347,26.097635861222,4.49211360538517,252.497556803549,348.821849881407,-0.101144134998322,-0.703050673007965,-0.677521884441376
"100",11100,2010,397,75,472,15.8864647320483,84.0923533149756,100,15.7696034212021,45.9840588595953,14.7687958037275,4.61112271317971,99.318890044687,360.508779324252,-1.70845949649811,-1.23732042312622,-0.406660616397858
"101",11100,2011,370,85,458,18.5549006767081,80.7683911809649,100,14.5299958757654,51.1739915713426,13.5725028428891,4.24885656488936,97.792513717328,406.15673658414,-1.82066237926483,-1.35181784629822,-0.925155937671661
"102",11100,2012,387,71,458,15.4987993887797,84.4793713163065,100,15.7871152321533,24.8164977280671,16.1243281529936,4.61610514387173,110.823734321182,332.786556831682,-1.12555277347565,-1.08237993717194,-0.265758544206619
"103",11100,2013,398,74,475,15.575668280362,83.7718375078931,100,18.2685281335333,43.5038212815991,16.8708405747955,5.34106094488556,112.784480954021,355.303646223567,-1.57097840309143,-1.38524746894836,-0.495103478431702
"104",11100,2014,420,91,511,17.804734885541,82.1756994717277,100,20.2850224286452,61.862678450034,18.3478222882356,5.93040430137561,116.310533070142,435.829028631834,-1.91682064533234,-1.60911428928375,-0.990016639232635
"105",11100,2015,305,113,419,26.9625387735624,72.7749940348366,100,17.0943657949492,71.928707829408,13.750507190839,4.99744816285318,118.649833032501,533.857472626537,-1.60112190246582,-1.06754517555237,-0.840334594249725
"106",11100,2016,360,115,477,24.1039614336617,75.4558792705932,100,19.7180769707743,28.5998507833872,18.6229372510475,5.7643885223948,136.290332838305,499.1528344976,-0.941674113273621,-1.07006931304932,-0.877998530864716
"107",11100,2017,445,175,623,28.0853795538437,71.4171080083454,100,24.799968154134,71.1093051605039,22.3606853926938,7.2503433981706,133.46898180816,766.520573950899,-1.58958458900452,-1.67532300949097,-2.10593605041504
"108",11100,2018,434,111,546,20.3259476286394,79.4726240615272,100,20.0433170588451,32.258064516129,21.3152595648544,5.86023513083279,130.445090214332,493.109382263431,-1.4885139465332,-2.20212697982788,-2.21051692962646
"109",11200,2010,169,59,229,25.7529463116543,73.7669140113488,100,9.02249714353256,4.5172651404946,13.94274399802,2.63778386419951,199.274981046632,235.393151057267,0.61893355846405,-0.559210658073425,0.489204317331314
"110",11200,2011,219,91,310,29.3453724604966,70.6223798774589,100,12.8678759702794,7.24464612690072,19.710197101971,3.76178048660498,221.520547193262,330.761861499785,1.50658226013184,0.352999925613403,1.58894944190979
"111",11200,2012,248,86,335,25.6639809012235,74.0077588779469,100,15.7195814368167,7.44524283611809,26.5496199550369,4.59474239375152,262.159526398573,324.178090268653,1.39063000679016,0.0966220647096634,1.5093537569046
"112",11200,2013,208,61,269,22.6681531029357,77.2946859903382,100,12.3388835374524,5.03258807029123,22.0082530949106,3.60669141032392,254.31148682269,245.38117326242,1.14501690864563,-0.239064157009125,1.31258141994476
"113",11200,2014,140,72,212,33.9462517680339,66.006600660066,100,9.81436044627564,6.24403781111786,14.2842567084991,2.86873160012402,232.90918617209,282.836932048247,0.535905063152313,0.059909351170063,1.15665304660797
"114",11200,2015,196,84,282,29.7766749379653,69.4789081885856,100,14.2201603549997,6.81209958640824,27.6797062561785,4.15605943422558,322.985019729127,313.346276459968,1.10002493858337,0.233561024069786,1.52856290340424
"115",11200,2016,211,113,326,34.6519472554431,64.7040785035265,100,13.187168803851,9.5998640727211,16.9056966589216,3.85523734572258,198.732969456482,393.157035791023,-0.405584871768951,-0.0229640696197748,0.564429402351379
"116",11200,2017,189,86,277,31.0357271743053,68.206423673764,100,10.9611808001266,6.48029538090573,16.1111584690137,3.20455472287541,207.764075676621,312.718487613453,-0.108889177441597,-0.112812556326389,0.808857321739197
"117",11200,2018,197,84,284,29.5670538542767,69.341781063006,100,11.1806621786544,6.66085163745936,15.7084761980703,3.2687398677749,196.561366672125,311.549831209958,0.166733533143997,0.3724664747715,1.38415277004242
"118",11300,2010,131,309,449,68.8042752171009,29.1694500111334,100,30.0716629830554,26.3404654334669,61.4734866259972,8.78479992421747,648.685124123267,705.108342498184,2.80808734893799,3.49145603179932,3.56118988990784
"119",11300,2011,166,394,562,70.0942892723715,29.5321117238925,100,41.4118340579176,37.5560003812792,70.3091910207539,12.0953004022929,682.768775809021,835.357125061268,3.41362905502319,3.51095867156982,3.36369943618774
"120",11300,2012,160,439,607,72.3109866578817,26.3548015154011,100,40.8176988770089,38.3707717856831,73.6987563334869,11.9239359774121,705.30375910994,828.161215195845,3.66965365409851,3.14599323272705,2.88064050674438
"121",11300,2013,140,307,450,68.2070650966452,31.104199066874,100,27.5549568305676,26.23707375438,52.0252694165738,8.05090169340552,589.270448542323,703.993953198916,2.73740339279175,2.11064696311951,1.69923257827759
"122",11300,2014,136,268,409,65.5096553409924,33.243705695429,100,26.6779727349814,23.8201048795663,62.3567171022467,7.7937894005909,652.837458996966,673.0855818725,2.28023672103882,1.36265742778778,0.85892254114151
"123",11300,2015,172,301,474,63.4887154608732,36.2792659776418,100,28.3645502962121,24.0588282311566,64.395357543991,8.28777126123729,642.335230297899,672.636652108344,1.67872297763824,1.06992471218109,0.679781913757324
"124",11300,2016,138,288,430,66.9611718205069,32.0855614973262,100,24.4582219441442,20.8227893861615,65.9971305595409,7.14698762011956,671.929551789549,623.66261926355,1.90631830692291,1.41298091411591,0.958092331886292
"125",11300,2017,162,336,504,66.6534417774251,32.1364808569728,100,27.9363671636827,25.7648953301127,62.524121960633,8.16367777712089,639.593593509307,688.560537254874,2.26431846618652,2.03962731361389,1.6311217546463
"126",11300,2018,119,210,329,63.8103919781221,36.1592221209359,100,18.1157425251913,15.7056315907561,48.5516115871073,5.29390999853176,576.229939384465,546.109110948285,2.2205650806427,1.99036061763763,2.09026074409485
"127",11400,2010,369,324,693,46.7465012263743,53.2390708411485,100,50.8773217825417,113.24711639287,35.3076260644914,14.8600321668119,244.641744809259,1241.75534060167,1.18688952922821,1.36908638477325,0.601988196372986
"128",11400,2011,388,317,707,44.8309998585773,54.8720124451987,100,50.2451851325421,116.501286291804,34.4858234823571,14.6763724417148,229.016816973621,1234.96193409564,1.40896737575531,1.86332881450653,1.53354465961456
"129",11400,2012,223,170,394,43.1362598325298,56.5846231920832,100,26.229944744025,41.6564567507964,20.5511012809879,7.66261000190944,226.700110847829,692.195853761817,0.2152119576931,0.899858236312866,0.402484923601151
"130",11400,2013,206,119,327,36.3803118312443,62.9776826658514,100,20.0232686302125,23.1472476171951,18.540185401854,5.85032189720801,220.115481526561,495.40665829409,0.480015635490417,1.19141066074371,1.47783231735229
"131",11400,2014,173,127,300,42.3192269243585,57.6474508497168,100,17.7819927686563,32.0626104519061,13.9392474417855,5.19576187139146,195.678809067216,544.922343426213,0.363246530294418,1.28768837451935,1.56275260448456
"132",11400,2015,135,149,287,51.8982932776036,47.0219435736677,100,16.7142274765593,42.1976777116964,10.4078328579138,4.88391177720349,182.560765772542,635.185764489402,-0.832147181034088,0.842399537563324,0.559130072593689
"133",11400,2016,165,74,241,30.692658647864,68.4363334715886,100,14.3358515257867,19.3666579429469,13.5568153808233,4.18880082958364,197.988610739685,338.544378896061,-0.819248080253601,0.136923640966415,0.785679042339325
"134",11400,2017,154,127,282,45.0194966323999,54.590570719603,100,16.9460969893636,34.1306100510615,13.0056583058863,4.95140506327079,201.062708084646,549.646598058182,-0.364187806844711,1.2487565279007,1.49402058124542
"135",11400,2018,250,135,388,34.7848492656532,64.4163875289874,100,23.4852611827371,34.965034965035,21.6057384841414,6.86196997865937,216.187207168264,576.29244461108,-0.184142872691154,0.684050142765045,1.30146110057831
"136",11500,2010,42,49,91,53.7870472008782,46.1031833150384,100,1.12095194688412,0.865709086411901,2.29998357154592,0.327968155616519,110.500922567015,128.180401113485,1.24190127849579,1.4861763715744,2.39929270744324
"137",11500,2011,24,77,101,76.162215628091,23.7388724035608,100,1.18348742105201,1.19396504938674,1.38640170989544,0.346270662085982,95.3426870639739,146.288378532078,1.13546025753021,1.78806710243225,1.59948480129242
"138",11500,2012,36,60,96,62.4349635796046,37.4609781477627,100,1.07936722096671,0.904690821911612,1.80986375747826,0.315810886548081,99.583895676517,130.004978903881,0.836620211601257,1.5991028547287,2.02999663352966
"139",11500,2013,20,55,75,73.2356857523302,26.6311584553928,100,0.843350462718287,0.824204642519968,1.06660978081169,0.24675498997234,84.4046447743822,124.657363803734,0.151694059371948,0.391276955604553,-0.0446619242429733
"140",11500,2014,28,52,81,64.1183723797781,34.5252774352651,100,0.938466707603897,0.805689406733704,1.54858691444057,0.274582299497885,98.2855068391442,123.642248938056,0.294882923364639,-0.0373778641223907,-0.179792553186417
"141",11500,2015,23,31,54,57.3012939001848,42.5138632162662,100,0.631793239812334,0.481134857444398,1.42494269252215,0.184853315499642,97.6336741011787,93.5796845339802,0.0402131266891956,-0.230655521154404,0.0595139190554619
"142",11500,2016,23,46,69,66.5701881331404,33.2850940665702,100,0.816558383924451,0.732355797551384,1.31571420399291,0.238911944894047,93.181680047984,117.982611372737,0.0399037711322308,-0.141479268670082,-0.32689642906189
"143",11500,2017,26,46,72,63.8002773925104,36.0610263522885,100,0.866102897835946,0.728759050078421,1.55772572044815,0.253406481990652,100.587932448294,117.699694447468,0.465161055326462,0.259130090475082,0.366852730512619
"144",11500,2018,32,49,81,60.4192355117139,39.4574599260173,100,1.0124873439082,0.812455439306263,1.91835021881182,0.296232057755005,108.498177859532,124.295717987315,1.00953543186188,0.951721787452698,1.3627758026123
"145",11603,2010,31,38,69,54.9927641099855,44.862518089725,100,1.08199651879381,0.765496263169557,3.21210237281111,0.316540493905271,148.142418307794,117.293631730037,1.5938595533371,0.735004782676697,1.55439221858978
"146",11603,2011,11,29,40,72.3192019950125,27.431421446384,100,0.585900309062413,0.559726698963541,1.04354425576321,0.171411447779282,77.2774632703629,97.0721075853817,1.06424713134766,0.779163241386414,0.956731677055359
"147",11603,2012,16,9,27,33.210332103321,59.0405904059041,100,0.391696043869957,0.171850833476542,1.20654550938843,0.114595351810573,90.1486238018656,38.9649436584043,0.778338432312012,-0.232310548424721,1.562180519104
"148",11603,2013,18,72,90,79.9112097669256,19.9778024417314,100,1.35092538388796,1.41562297241501,1.41387165187338,0.395223724302598,97.9931274647725,163.387706771315,1.96286511421204,1.90179491043091,1.66930520534515
"149",11603,2014,9,8,17,46.7836257309941,52.6315789473684,100,0.236009495911483,0.145161582987062,0.632866886998101,0.0690486125259855,61.3328103776182,34.938223172685,-0.0852698236703873,-0.609597265720367,0.600528061389923
"150",11603,2015,6,11,17,64.327485380117,35.0877192982456,100,0.22181338970003,0.190571888913913,0.384590731363374,0.0648968303157868,44.7147091898553,45.5056406565542,-0.795682609081268,-0.838223099708557,-0.431489646434784
"151",11603,2016,1,5,6,81.9672131147541,16.3934426229508,100,0.0800096011521382,0.089268179464748,0.0659152330103487,0.0234085390164288,9.47505299296956,22.8931981176593,-2.04779863357544,-2.11616277694702,-2.38876056671143
"152",11603,2017,5,11,16,68.3229813664596,31.055900621118,100,0.207573850884135,0.192203526061051,0.30729518775736,0.0607308393273187,38.5475045933861,45.5724238737922,-1.37717080116272,-1.74830055236816,-1.76672673225403
"153",11603,2018,9,4,13,30.5343511450382,68.7022900763359,100,0.167071493747671,0.0672031719897179,0.602772754671489,0.048881045934322,60.3727212018561,18.5488227485767,-1.02870452404022,-1.65575397014618,0.0148403905332088
"154",11605,2010,86,98,184,53.2319391634981,46.713742531233,100,3.51944300988887,2.42208546501569,9.62938080842011,1.02952064709844,226.024043099904,212.768127127035,0.444385677576065,0.578436076641083,1.33449816703796
"155",11605,2011,91,147,241,60.9705516383243,37.7436748237246,100,4.90225992148248,4.4652349564108,6.93544699336941,1.43397824693077,169.762940199365,283.756855675828,0.808160245418549,1.12768423557281,1.33990383148193
"156",11605,2012,79,155,236,65.6501482422702,33.4603981363829,100,4.7379092971432,4.54932347157407,6.5337854602597,1.38591382899665,176.014735659818,283.326138225219,1.90903615951538,1.43840932846069,1.51237809658051
"157",11605,2013,94,164,260,63.0526720492118,36.1399461745482,100,5.06812732695269,4.69497008387965,8.11674294102409,1.48253227759936,188.925122478464,284.477941787717,2.9217836856842,2.22293567657471,2.61549377441406
"158",11605,2014,63,111,174,63.7564618035612,36.1860999425617,100,3.43866722001541,2.96545643984932,7.66330130154482,1.00587376326276,217.887062195944,234.642471887578,2.11994647979736,1.22310495376587,1.62279236316681
"159",11605,2015,90,162,255,63.5045080360643,35.2802822422579,100,5.05541127257588,4.08874081926251,11.290929619872,1.47879868281225,248.629708290675,260.518564642527,2.55557632446289,1.76679027080536,2.25779628753662
"160",11605,2016,88,115,207,55.5287300820859,42.4915499758571,100,3.84608238419948,2.77838177381556,9.98751560549313,1.12508781692281,229.67079604452,224.24608434903,1.78424096107483,1.09285736083984,1.87054657936096
"161",11605,2017,121,133,257,51.7308440295605,47.0633994554648,100,5.02433970010361,3.40667503393868,13.0655436777886,1.46972111568259,237.615675038615,245.726123522276,1.59606409072876,1.03068864345551,1.89695167541504
"162",11605,2018,65,103,169,60.9107037256062,38.4387936132466,100,3.01618746765184,2.4664160340988,4.8287645791546,0.882338363794628,154.935651682207,213.387024194613,-0.00886610615998507,0.354469746351242,0.615553021430969
"163",11606,2010,11,15,26,57.4712643678161,42.1455938697318,100,0.64675008084376,0.449761626338041,2.33992767496277,0.189159038432849,92.5268799037662,64.4114373564493,0.796718657016754,-0.00646102428436279,0.754159331321716
"164",11606,2011,8,24,33,72.5075528700906,24.1691842900302,100,0.815398680536681,0.718326299721649,1.45692952103442,0.238485866456123,68.9405005576578,94.9745515851463,0.823091447353363,0.329690843820572,0.322816282510757
"165",11606,2012,7,28,35,79.7720797720798,19.9430199430199,100,0.833115136511866,0.786715742743952,1.51155258043619,0.243673768082081,62.5903177374051,105.463740877703,1.1645427942276,1.07747614383698,0.844161808490753
"166",11606,2013,8,14,22,63.3484162895928,36.1990950226244,100,0.513406921658771,0.390832193406103,1.33311114814198,0.150165856723556,68.0665279631715,60.0964977434245,0.339642584323883,-0.0603912770748138,0.413009375333786
"167",11606,2014,4,18,23,77.9220779220779,17.3160173160173,100,0.511327004735333,0.468371887278499,0.785700255352583,0.149562172974839,37.2312110120682,73.3308076259157,0.350093066692352,0.183586791157722,-0.339805364608765
"168",11606,2015,13,33,46,71.5835140997831,28.1995661605206,100,0.961116566724473,0.821692686935086,2.06644412652996,0.281135386233333,100.102887243028,114.942191592311,1.05428230762482,1.29298496246338,1.45011484622955
"169",11606,2016,2,13,15,86.0927152317881,13.2450331125828,100,0.311908673140504,0.318307583066037,0.336077970089061,0.0912363972089671,19.1669104852246,55.3442478505511,-0.0739714577794075,0.0594670325517654,-0.731549680233002
"170",11606,2017,7,12,19,62.82722513089,36.6492146596859,100,0.376677702662517,0.287074471902586,1.04306362688124,0.110184999895815,59.7496186175721,51.5095690532324,0.101694040000439,-0.831619441509247,-0.621431469917297
"171",11606,2018,9,11,20,54.726368159204,44.7761194029851,100,0.391075653585186,0.2571234893995,1.43289285145677,0.114397536419504,74.5997349546826,47.6339580600862,0.231840193271637,-0.763562381267548,-0.189027234911919
"172",11607,2010,0,3,3,96.7741935483871,0,100,0.028705112380515,0.0359148100705127,0,0.00839919533024269,0,13.8587837336891,-1.83267569541931,-2.40585231781006,-2.70969939231873
"173",11607,2011,0,6,6,98.3606557377049,0,100,0.0574102247610299,0.0704382432702128,0,0.0167983906604854,0,25.6861341864253,-1.44378256797791,-2.33711743354797,-3.17999148368835
"174",11607,2012,1,43,44,97.5056689342404,2.26757369614512,100,0.406500309494554,0.451913274689704,0.112220850634048,0.118944223992189,9.68483479203199,91.7046048795415,0.643187820911407,-0.605584979057312,-2.74236345291138
"175",11607,2013,0,4,4,97.5609756097561,0,100,0.0364129593722406,0.0413346973783468,0,0.0106546727473114,0,17.7431170387072,-1.7755241394043,-1.49249446392059,-2.03011846542358
"176",11607,2014,0,3,3,96.7741935483871,0,100,0.0276316880198211,0.0321919498664034,0,0.00808519014762233,0,13.7379114154568,-2.28284382820129,-2.19506907463074,-2.40441846847534
"177",11607,2015,0,6,6,98.3606557377049,0,100,0.0552481100542352,0.0650611032194403,0,0.0161659145429025,0,25.3844565119953,-1.54680383205414,-1.37478065490723,-2.14947032928467
"178",11607,2016,0,1,1,90.9090909090909,0,100,0.00864222070503236,0.0104787752407499,0,0.00252880388520606,0,4.84797203543159,-2.91618824005127,-1.62715721130371,-1.34817564487457
"179",11607,2017,2,5,7,70.4225352112676,28.169014084507,100,0.0601938241136459,0.0534810837406809,0.122767172058192,0.0176133619938359,17.8733181119775,21.6711404199857,-2.11507606506348,-0.633500516414642,-0.166507571935654
"180",11607,2018,0,2,2,95.2380952380952,0,100,0.0157083277699672,0.0196346000922826,0,0.0045965228576479,0,9.37256289955142,-3.11406922340393,-2.9654815196991,-3.00678706169128
"181",11608,2010,1,0,1,0,90.9090909090909,100,0.018839132646333,0,0.0836750062756255,0.00551093850548643,9.58181206142054,0,-2.70924687385559,-2.35509324073792,-0.975136160850525
"182",11608,2011,0,5,5,98.0392156862745,0,100,0.0948388687619734,0.120711716279182,0,0.0277427461185064,0,23.407019013965,-1.42185950279236,-1.07363736629486,-1.83729636669159
"183",11608,2012,1,0,1,0,90.9090909090909,100,0.0183247512415019,0,0.098512461826421,0.00536054640967237,9.64254600490315,0,-2.52590298652649,-2.63477325439453,-1.25612699985504
"184",11608,2013,0,0,0,0,0,100,0,0,0,0,0,0,-2.66844463348389,-2.56085538864136,-1.78519344329834
"185",11608,2014,0,0,0,0,0,100,0,0,0,0,0,0,-2.85071229934692,-2.72964382171631,-1.9964953660965
"186",11608,2015,0,0,0,0,0,100,0,0,0,0,0,0,-2.50467205047607,-2.07534646987915,-1.29011583328247
"187",11608,2016,1,0,1,0,90.9090909090909,100,0.0166858554003771,0,0.103401923275773,0.00488134561849084,9.65887197416866,0,-1.94981253147125,-1.47862112522125,0.284999400377274
"188",11608,2017,0,0,0,0,0,100,0,0,0,0,0,0,-2.83645915985107,-1.72319781780243,-0.98590612411499
"189",11608,2018,0,0,0,0,0,100,0,0,0,0,0,0,-2.76198387145996,-1.99835419654846,-1.24528968334198
"190",11701,2010,16,91,107,84.9673202614379,14.9393090569561,100,2.63800202164641,2.42724920647622,11.5025161754134,0.771557751110851,147.97320774803,214.511869849435,1.73386740684509,2.57562136650085,2.20436024665833
"191",11701,2011,14,91,105,86.5842055185538,13.3206470028544,100,2.41651515500219,2.27608113854081,9.92204110559887,0.706810439576493,130.579991525412,207.237054370404,1.81313621997833,2.91293835639954,2.50026774406433
"192",11701,2012,18,73,91,80.1317233809001,19.7585071350165,100,1.93201842848347,1.63343849992168,15.2413209144793,0.565127678189372,167.032867528151,176.153674341089,1.41448068618774,2.39278960227966,2.3957827091217
"193",11701,2013,15,57,72,79.0568654646325,20.8044382801664,100,1.50782182572093,1.26103404791929,11.9904076738609,0.441051074975397,140.380034354701,154.334681904643,0.942577421665192,2.04852104187012,2.11382079124451
"194",11701,2014,15,69,84,82.0451843043995,17.8359096313912,100,1.73550133261709,1.50356279008956,16.8350168350168,0.507653356087901,143.019541453774,169.074533723183,0.991754829883575,1.45933306217194,1.23095715045929
"195",11701,2015,9,70,79,88.4955752212389,11.378002528445,100,1.58154991892054,1.45134871762974,9000,0.462629242315472,89.9970420532387,165.921940999784,1.47877192497253,2.24717164039612,1.55635905265808
"196",11701,2016,25,77,102,75.4162585700294,24.4857982370225,100,2.01378057688891,1.55364096769637,25000,0.589068390191188,249.977177670194,170.805889033888,1.93283867835999,2.02126908302307,2.28428959846497
"197",11701,2017,29,78,108,72.1554116558742,26.8270120259019,100,2.2267582111709,1.67738328207996,31.4875135722041,0.651352216385385,264.227570102476,177.929835643872,2.44818234443665,2.43107795715332,2.910395860672
"198",11701,2018,16,69,85,81.0810810810811,18.8014101057579,100,1.76674772920954,1.49412095883588,41.994750656168,0.516791454793342,156.515645585827,168.531457151213,2.39233207702637,2.78870701789856,2.88915991783142
"199",11703,2010,0,32,33,96.6767371601208,0,100,0.92124731302867,0.938939585106071,0,0.26941981113553,0,117.787905116532,0.916618824005127,2.14409017562866,-0.614764094352722
"200",11703,2011,7,32,39,81.8414322250639,17.9028132992327,100,1.04582875224585,0.883953481948013,25.830258302583,0.305863300249562,69.5183997481563,115.886075051578,0.551357805728912,1.76598787307739,2.16935586929321
"201",11703,2012,2,21,23,90.9090909090909,8.65800865800866,100,0.614463946995806,0.569707821274518,6.87285223367698,0.179706766302162,19.9575819681092,83.7075772502415,0.140885546803474,1.31786406040192,0.816746890544891
"202",11703,2013,0,28,28,99.644128113879,0,100,0.704916794642632,0.720516713414477,0,0.206169670108936,0,103.126386193597,-0.149542167782784,1.69052720069885,-0.761911392211914
"203",11703,2014,2,14,16,86.9565217391304,12.4223602484472,100,0.401596345473256,0.361280999200021,7.38007380073801,0.117456647428652,19.9604915377539,59.4089974262088,-0.64488685131073,0.765839993953705,0.703527569770813
"204",11703,2015,5,15,20,74.6268656716418,24.8756218905473,100,0.494914750934152,0.384309907509416,33.112582781457,0.144751339064509,49.8625196023375,62.899062683144,-0.149888813495636,1.34708189964294,2.19922566413879
"205",11703,2016,0,10,10,99.009900990099,0,100,0.242007695844728,0.252902051035634,0,0.0707828515174361,0,44.2503869039864,-0.71034699678421,0.881695210933685,-0.615529537200928
"206",11703,2017,1,18,19,94.2408376963351,5.23560209424084,100,0.446838032971943,0.441382016134965,5.52486187845304,0.130694523003365,9.99339441612843,72.5095985753783,0.0917720273137093,1.28371465206146,0.299614787101746
"207",11703,2018,4,14,18,77.3480662983425,22.0994475138122,100,0.418789697773435,0.336773231339155,15.9362549800797,0.122491607527414,39.8538752175862,58.7620011148739,0.225288480520248,1.08148896694183,1.73451614379883
"208",11705,2010,0,5,5,98.0392156862745,0,100,0.0607747565970998,0.0643492361745666,0,0.0177815621879493,0,22.1697123812045,-1.8413233757019,-1.47630417346954,-1.88295912742615
"209",11705,2011,1,6,7,84.5070422535211,14.0845070422535,100,0.0858569133213134,0.0765980263241884,19.6078431372549,0.0251200559169735,9.9981378746797,25.9866333260768,-1.67056202888489,-1.32398355007172,-1.17342627048492
"210",11705,2012,0,9,9,98.9010989010989,0,100,0.109487719127505,0.113937030800977,0,0.0320340586460196,0,36.4782622848339,-1.41746091842651,-0.535114407539368,-1.5726021528244
"211",11705,2013,2,1,3,32.258064516129,64.5161290322581,100,0.0362708708636094,0.0125154879162964,7.11743772241993,0.0106122008619857,19.9590366468944,4.87207940442709,-2.28904342651367,-2.46595406532288,-0.984238266944885
"212",11705,2014,1,2,3,64.5161290322581,32.258064516129,100,0.0373315414193452,0.0260379372746091,0.846740050804403,0.010922424758618,9.95705620074281,9.51944937786365,-2.23662328720093,-1.92065012454987,-1.1197829246521
"213",11705,2015,1,0,1,0,90.9090909090909,100,0.01263407916514,0,0.868809730668984,0.00369644627639347,9.95814250168921,0,-2.93288636207581,-2.8887083530426,-1.37540817260742
"214",11705,2016,0,1,1,90.9090909090909,0,100,0.0122577560951692,0.0130240554303799,0,0.00358638078198661,0,4.87695156159864,-2.85548233985901,-2.4858078956604,-2.01337575912476
"215",11705,2017,0,2,2,95.2380952380952,0,100,0.0229144945635362,0.0240093156144584,0,0.00670448664011112,0,9.48095365800528,-2.64934873580933,-2.48146963119507,-2.26245999336243
"216",11705,2018,0,5,5,98.0392156862745,0,100,0.0548720931508653,0.0581929912361355,0,0.0160550883666411,0,21.9073356396163,-2.12057161331177,-1.82771515846252,-2.19503736495972
"217",11800,2010,0,1,1,90.9090909090909,0,100,0.0386533183873836,0.0386533183873836,0,0.0113007791924049,0,4.95785164365068,0.352983236312866,-1.22729480266571,-0.8570636510849
"218",11800,2011,0,7,7,98.5915492957747,0,100,0.277877019570482,0.279095729835334,0,0.0812384150873372,0,33.090913756772,2.36105155944824,0.580751657485962,-0.738826751708984
"219",11800,2012,0,1,1,90.9090909090909,0,100,0.0399345074078511,0.0402884654123524,0,0.0116749283960511,0,4.95954843662799,0.0598939806222916,-1.21817815303802,-0.9051234126091
"220",11800,2013,0,3,3,96.7741935483871,0,100,0.119469555175023,0.120477089273523,0,0.0349272590810076,0,14.6406058593422,1.35346186161041,-0.153826236724854,-0.682243824005127
"221",11800,2014,0,3,3,96.7741935483871,0,100,0.118807175953428,0.120091269364717,0,0.034733827204959,0,14.6394789770554,0.986892580986023,-0.651045501232147,-1.01243662834167
"222",11800,2015,0,3,3,96.7741935483871,0,100,0.118105586394236,0.119660165131028,0,0.0345289422652278,0,14.6382114418175,1.03940975666046,-0.449221551418304,-0.881900668144226
"223",11800,2016,0,0,0,0,0,100,0,0,0,0,0,0,-0.500299453735352,-1.3276355266571,-0.44908419251442
"224",11800,2017,0,0,0,0,0,100,0,0,0,0,0,0,-0.372943490743637,-1.4316211938858,-0.585012793540955
"225",11800,2018,0,1,1,90.9090909090909,0,100,0.0394306218209061,0.0402722403447304,0,0.0115277805122045,0,4.95953227121693,0.915752947330475,-0.855038464069366,-0.647501349449158
"226",11902,2010,59,155,216,71.7260527533549,27.302174919019,100,4.19083836169263,3.14778335127231,28.9073983341499,1.22591021763963,409.790837557825,220.921810097157,2.83186626434326,3.0061662197113,3.24723339080811
"227",11902,2011,37,171,209,81.7790530846485,17.6948828311813,100,3.80962796886677,3.38875567269773,9.8117210289048,1.11443496024018,245.107860863961,222.918918901321,2.4359724521637,2.9723060131073,2.55418181419373
"228",11902,2012,36,163,200,81.4592703648176,17.9910044977511,100,3.37661022099914,3.02799502145604,7.1414401904384,0.987801300983666,216.510967578699,209.87156773382,1.42120683193207,1.96118295192719,1.31865119934082
"229",11902,2013,42,132,176,74.9574105621806,23.8500851788756,100,2.88898737709493,2.3995200959808,7.98327314198821,0.845162179589379,232.438125465347,194.911742316156,1.27785980701447,1.37730312347412,0.964408576488495
"230",11902,2014,36,125,162,77.1128932757557,22.2085132634176,100,2.64011342709539,2.2340976926239,7.4673304293715,0.772357628472693,220.343828679332,189.496101850383,0.126683011651039,-0.180272087454796,-0.958112835884094
"231",11902,2015,68,155,231,67.0705322371268,29.4244915620943,100,3.65038479164362,2.69466803428313,14.2527771955565,1.06792454548167,311.244066101291,197.213067877795,0.234528750181198,0.191780805587769,0.0217031221836805
"232",11902,2016,29,101,133,75.8827948910594,21.7881292261458,100,2.15940640678021,1.79265543742568,6.87040985548448,0.631729251504982,200.411025074286,175.963938257744,-0.28916147351265,-0.53880649805069,-1.16092491149902
"233",11902,2017,22,109,131,83.1426392067124,16.7810831426392,100,2.18293312892636,1.9199943633193,9.31808555696739,0.638604225295783,184.92254082308,179.665237536296,-0.395371496677399,-0.458150535821915,-1.4889497756958
"234",11902,2018,21,81,102,79.333986287953,20.5680705190989,100,1.71974844463927,1.48131892247764,6.13855597778427,0.503099479306975,166.355530380657,164.939649749418,-1.37285017967224,-0.839212775230408,-1.50365102291107
"235",11903,2010,93,187,281,66.5243685521167,33.0843116328709,100,4.10272882568513,3.15766366660475,32.7349524815206,1.20029911560072,473.31108726335,201.548713857631,-0.655908346176147,0.110578171908855,0.645569086074829
"236",11903,2011,86,196,283,69.2334864005652,30.3779583186153,100,3.92504958322353,3.16276968259347,30.8133285560731,1.14834079023349,458.287223103144,196.340150882796,-0.89498233795166,-0.268408328294754,0.0762243494391441
"237",11903,2012,42,159,202,78.673923800099,20.781791192479,100,2.64359843478033,2.25592712929726,14.5278450363196,0.773447305759776,290.975247159025,169.780999505658,-0.153406620025635,0.229924976825714,0.224278852343559
"238",11903,2013,66,142,211,67.2666982472762,31.2648034107058,100,2.62401910186417,1.94704583784673,15.2742420735941,0.767733031702809,323.296051129879,161.250113885941,-0.956896543502808,-0.259335786104202,0.220106929540634
"239",11903,2014,50,166,217,76.4624596959926,23.0308613542147,100,2.51241736230911,2.17587919938132,8.08930593755056,0.735098526092454,234.89379281759,160.804356132296,-1.12710249423981,-0.0506980009377003,-0.142878487706184
"240",11903,2015,51,144,196,73.4319224885263,26.0071392146864,100,2.21116639027087,1.89446264356475,5.20355065809611,0.64696208438967,180.504843988592,156.631673507543,-1.33159601688385,-0.00424834620207548,0.123217403888702
"241",11903,2016,43,157,202,77.6843146956952,21.2765957446809,100,2.22170895612675,1.99819271741482,4.19471271095503,0.650051915892619,164.767708158124,155.33626196794,-1.20458281040192,-0.373954355716705,-0.598218202590942
"242",11903,2017,38,167,205,81.4236957581667,18.5275475377864,100,2.34202739600827,2.21277046812683,3.94969337906663,0.685247752858359,162.731868314724,162.400109103276,-1.82634055614471,-0.733331441879272,-1.10844123363495
"243",11903,2018,38,136,174,78.1160252728317,21.8265364732912,100,1.93009506272809,1.7611789539115,3.97032702956849,0.564726832986771,163.216852101776,152.773765326545,-1.55079662799835,-0.659024953842163,-0.64893102645874
"244",11904,2010,4,58,63,91.9175911251981,6.3391442155309,100,3.43118566526878,3.24366646160729,23.3918128654971,1.00270223947733,39.9003328068263,216.289528293637,1.94646823406219,2.02959704399109,0.957753241062164
"245",11904,2011,10,41,55,74.4101633393829,18.1488203266788,100,3.21242918053852,2.50749189652009,70.9219858156028,0.938670089569138,99.4877190636812,167.992344920112,2.30604815483093,1.33274495601654,1.44604682922363
"246",11904,2012,6,34,40,84.788029925187,14.9625935162095,100,2.43146313294025,2.2847926886634,5.16795865633075,0.710424535066476,58.5115151377016,145.765231254863,1.70597398281097,0.68595427274704,0.221517145633698
"247",11904,2013,1,30,31,96.4630225080386,3.21543408360129,100,1.89474970967545,2.01058910260706,1.04058272632674,0.553602463359101,9.96502791580207,130.765292944951,1.79122149944305,0.954361200332642,-0.751858770847321
"248",11904,2014,4,25,30,83.0564784053156,13.2890365448505,100,1.73200161653484,1.5653371736272,4.43951165371809,0.506099579270898,39.4803801702461,110.501762091017,1.5279815196991,0.718802630901337,0.449649959802628
"249",11904,2015,3,22,27,81.1808118081181,11.070110701107,100,1.42247510668563,1.27307447485678,2.74977085242896,0.415713615038398,29.6456547141745,97.7838943313791,0.776699841022491,-0.291098445653915,-0.802750527858734
"250",11904,2016,1,26,27,95.9409594095941,3.690036900369,100,1.19834894145844,1.23685837971552,0.884173297966401,0.350295565087289,9.95886683401185,110.207070466203,0.103541359305382,-0.157828256487846,-1.61185371875763
"251",11904,2017,2,63,65,96.7741935483871,3.07219662058372,100,2.66164366733549,2.77765530620343,1.85013876040703,0.778114259740387,19.8433285650723,214.352151559628,1.05878448486328,1.1083732843399,-0.768952012062073
"252",11904,2018,6,24,30,79.734219269103,19.9335548172757,100,1.05853710172542,0.891828620266805,7.78210116731517,0.309505951053391,59.0032163116849,98.9907881555525,0.175583451986313,-0.383745223283768,-0.623317122459412
"253",12001,2010,19,121,141,85.7547838412473,13.4656272147413,100,2.25524223860783,2.17192295955915,6.46038762325739,0.659770300351823,157.798807795732,188.172495284796,2.23278713226318,3.08472275733948,2.91098880767822
"254",12001,2011,12,139,152,91.3872452333991,7.88954635108481,100,2.436639361344,2.42536336828881,6.2467464862051,0.712837239924102,110.682346093527,192.10882880047,1.66257846355438,2.25405550003052,1.33741235733032
"255",12001,2012,7,72,79,91.0240202275601,8.8495575221239,100,1.23070212335063,1.25346007207395,2.67073636016787,0.360045693855096,65.6044050071087,152.605228763341,0.781095087528229,1.16720128059387,0.443790078163147
"256",12001,2013,6,117,123,95.0446791226645,4.87408610885459,100,1.95111118161197,2.11875916770794,1.60814794961136,0.570798997585375,55.4656000561753,187.315769605096,1.71085977554321,2.05129432678223,0.569122612476349
"257",12001,2014,10,85,95,89.3796004206099,10.515247108307,100,1.47147658803302,1.45720114518866,2.46244767298695,0.430486090500762,87.0849600368401,161.642012060984,1.15372550487518,1.19033813476562,0.512474834918976
"258",12001,2015,22,89,111,80.1080108010801,19.8019801980198,100,1.62778079218665,1.44103884328298,5.97663678348275,0.476224576875352,169.787323751535,158.574524225593,1.28439331054688,1.08844876289368,1.06950581073761
"259",12001,2016,15,71,86,82.4622531939605,17.4216027874564,100,1.26916662977229,1.19970936618171,3.18403735937168,0.371307214606334,119.231012619646,149.112774868454,1.09593558311462,0.759608745574951,0.461457133293152
"260",12001,2017,15,67,84,79.667063020214,17.8359096313912,100,1.18224937017072,1.06499658247365,3.02358395484781,0.345885391841618,117.947098102885,140.456423241324,0.662112832069397,0.631549954414368,0.471317082643509
"261",12001,2018,18,41,60,68.2196339434276,29.9500831946755,100,0.810142990237777,0.625276417928657,6.89391037916507,0.237023729523927,153.631819706285,108.844274045053,-0.414477497339249,-0.598364055156708,-0.151892304420471
"262",12004,2010,0,4,4,97.5609756097561,0,100,0.103624258438901,0.110007975578229,0,0.0303067518260629,0,19.0877287969579,-1.41699945926666,-1.82079565525055,-2.12743520736694
"263",12004,2011,1,16,17,93.5672514619883,5.84795321637427,100,0.423296232663529,0.425973749367695,2.37529691211401,0.123804008188803,9.98464907642864,66.8067606087705,-0.125287562608719,-0.5755215883255,-1.39201903343201
"264",12004,2012,1,12,13,91.6030534351145,7.63358778625954,100,0.336953422669189,0.327144843379406,5.52486187845304,0.0985479658694977,9.99339441612843,52.4181070748969,-0.561174392700195,-0.702459514141083,-1.26471745967865
"265",12004,2013,4,13,17,76.0233918128655,23.3918128654971,100,0.453321244766806,0.378225829914754,6.88468158347676,0.132578990426806,39.6633757445132,56.6780630627197,-0.253600150346756,-0.133057177066803,0.326560765504837
"266",12004,2014,2,9,11,81.0810810810811,18.018018018018,100,0.296888073196405,0.260108089361579,5.1150895140665,0.0868275232727085,19.9430468341468,40.8226029728566,-0.661571681499481,-0.429943382740021,-0.233358949422836
"267",12004,2015,0,7,7,98.5915492957747,0,100,0.184691696789003,0.196292868960489,0,0.0540156316010441,0,32.3466487236592,-0.981365919113159,-0.0567489974200726,-1.08360242843628
"268",12004,2016,0,7,7,98.5915492957747,0,100,0.192672923949244,0.208141298207011,0,0.0563480366749829,0,32.4868450919485,-0.796294212341309,0.218129605054855,-0.94642186164856
"269",12004,2017,1,8,9,87.9120879120879,10.989010989011,100,0.250899054946893,0.234322368999151,1.20336943441637,0.0733757909946955,9.96974447736588,36.7056269866283,-0.461688578128815,0.403742432594299,0.0845492407679558
"270",12004,2018,0,7,7,98.5915492957747,0,100,0.187160771102377,0.196568476032687,0,0.0547372010333564,0,32.350087299832,-0.777442395687103,0.618191659450531,-0.656858742237091
"271",12006,2010,10,45,56,80.2139037433155,17.825311942959,100,1.47792351745797,1.29380983870504,3.87446726075165,0.432239012036319,91.3863187642755,148.582114908745,1.22550845146179,1.27633225917816,1.42047357559204
"272",12006,2011,10,63,73,86.1833105335157,13.6798905608755,100,2.02715836827636,1.96194450499829,2.9753049687593,0.592847207523772,89.0677713606185,189.215871927669,0.743586122989655,0.739342629909515,0.220457583665848
"273",12006,2012,3,52,55,94.3738656987296,5.44464609800363,100,1.53712864369358,1.62241427724564,0.925640234495526,0.449534601575282,28.9713019736021,167.994486075183,0.280189514160156,-0.0412412360310555,-1.53241491317749
"274",12006,2013,19,57,76,74.9014454664915,24.9671484888305,100,2.04295583452058,1.67839580695504,6.78329168154231,0.597482204789328,159.082240376507,174.19413409207,0.548156797885895,0.423449158668518,0.566820561885834
"275",12006,2014,3,49,52,94.0499040307102,5.75815738963532,100,1.31675571649237,1.43606576595059,0.699137730132836,0.385114909066024,28.6529944269776,158.125328969819,0.124808102846146,-0.138727396726608,-1.65111434459686
"276",12006,2015,10,37,48,76.9230769230769,20.7900207900208,100,1.19937033057645,1.0574147637964,3.67511944138184,0.350786228213859,90.9613220320516,129.785053202332,0.0421540625393391,-0.520759642124176,-0.843957006931305
"277",12006,2016,23,46,70,65.620542082739,32.8102710413695,100,1.67300016730002,1.25954930040251,9.38392492860057,0.489326292534341,190.733834318688,148.191590196275,0.821864664554596,0.0589576028287411,0.687279582023621
"278",12006,2017,19,43,63,68.1458003169572,30.1109350237718,100,1.4360283558615,1.13393634134121,6.80759584378359,0.420028878779981,159.174713469372,139.990001652199,0.751251637935638,0.254541426897049,0.803219616413116
"279",12006,2018,7,45,52,86.3723608445298,13.4357005758157,100,1.14635920724852,1.17459737412231,2.3403543965229,0.335309644378799,65.027964498013,143.631106727979,0.412010937929153,-0.0273309424519539,-0.510418593883514
"280",12007,2010,13,23,37,61.9946091644205,35.0404312668464,100,1.02461853728781,0.652834151741364,53.9419087136929,0.299652739297863,128.529440437084,90.817717543888,0.62031215429306,1.20123744010925,2.31864619255066
"281",12007,2011,14,46,60,76.5391014975042,23.2945091514143,100,1.67219419748613,1.33098000636556,20.8643815201192,0.489035715539967,135.35646040796,151.075472193333,0.951143443584442,0.687918663024902,0.604160606861115
"282",12007,2012,5,32,38,83.989501312336,13.1233595800525,100,1.00606285245294,0.919513807074509,6.24219725343321,0.294236189032214,49.2792474371443,117.135039318214,0.684292137622833,-0.12582503259182,-0.905293166637421
"283",12007,2013,20,23,43,53.3642691415313,46.4037122969838,100,1.15775019520207,0.662423317300769,28.9435600578871,0.338594833544017,190.391086933547,91.0950107609751,0.847190082073212,-0.515341639518738,0.261241942644119
"284",12007,2014,16,40,57,70.0525394045534,28.0210157618214,100,1.37944386631495,1.03143291818158,21.3049267643142,0.403462253649386,153.274131209296,132.472710528266,0.735128343105316,0.0672343522310257,0.182284653186798
"285",12007,2015,5,33,38,86.6141732283465,13.1233595800525,100,0.891997840426281,0.815197253032287,8.05152979066023,0.260898511578908,49.4393983272585,114.665010079145,0.56313419342041,-0.050753977149725,-0.897181928157806
"286",12007,2016,12,28,40,69.8254364089776,29.925187032419,100,0.976538658724152,0.723495516911708,12.7523910733262,0.2856180888207,115.247501416939,103.238338922979,0.201474964618683,-0.454655855894089,-0.132655113935471
"287",12007,2017,6,34,40,84.788029925187,14.9625935162095,100,0.962904118822368,0.847859155632029,4.16377515614157,0.281632969555323,58.1635227963052,117.400805227936,-0.493295282125473,-0.956478655338287,-1.63284265995026
"288",12007,2018,12,42,55,76.2250453720508,21.7785843920145,100,1.2462894563912,1.02038337260999,4.03904409289801,0.364532877658365,106.17610869273,133.921782443133,-0.186524987220764,-1.46901512145996,-2.04555702209473
"289",12008,2010,1,28,29,96.2199312714776,3.43642611683849,100,0.52260726964733,0.660361783920191,0.176335743255158,0.152879814479693,9.79710240335799,100.710091241551,-0.791244268417358,-0.544334888458252,-2.09508681297302
"290",12008,2011,5,25,31,80.3858520900321,16.0771704180064,100,0.555744787651709,0.575360751190997,0.952199581032184,0.162574058706179,45.625400303781,92.118002224125,-0.9610356092453,-1.14916849136353,-1.61388719081879
"291",12008,2012,18,27,45,59.8669623059867,39.9113082039911,100,0.790986271993813,0.643761474452207,2.6861662438442,0.2313923986873,124.957860055429,98.3882995597111,-1.11278128623962,-1.85168445110321,-1.28338611125946
"292",12008,2013,5,29,34,85.0439882697947,14.6627565982405,100,0.60143991792114,0.666038905858846,0.845880561664693,0.175942604894458,45.1291199355537,102.478881910231,-1.23920094966888,-1.55909156799316,-2.24478721618652
"293",12008,2014,4,23,27,84.8708487084871,14.760147601476,100,0.512713393213194,0.542567997924088,0.684814244136278,0.149981426394026,36.8553831576454,87.0956523357868,-1.22562992572784,-1.62768065929413,-2.27922892570496
"294",12008,2015,11,24,35,68.3760683760684,31.3390313390313,100,0.631301744196533,0.524349478927705,1.85779429150481,0.184676438352265,88.8635906356078,88.1721677123149,-0.967664122581482,-1.81964826583862,-1.85409200191498
"295",12008,2016,5,27,32,84.1121495327103,15.5763239875389,100,0.580330425636096,0.597067734017381,0.640943468786053,0.169765187420634,43.7658750023175,96.3449155306062,-0.811508476734161,-1.42016887664795,-2.20747351646423
"296",12008,2017,3,29,36,80.3324099722992,8.31024930747922,100,0.63998862242449,0.62660703096303,0.40048057669203,0.187219008655797,27.724657157919,100.622010507698,-0.182676643133163,-0.980410218238831,-2.14821457862854
"297",12008,2018,4,16,20,79.6019900497512,19.9004975124378,100,0.333661433743181,0.329618260851651,0.447377250866793,0.0976106328794521,35.3792326456361,63.7342085705911,-0.633627474308014,-1.66277098655701,-1.99243927001953
"298",12009,2010,20,42,62,67.6328502415459,32.2061191626409,100,0.889258616485707,0.729787492832444,2.54097319273282,0.260164428346124,126.993555472283,117.038298476468,0.265251040458679,0.129229068756104,0.704329490661621
"299",12009,2011,15,54,69,78.1476121562952,21.7076700434153,100,0.982891981595704,0.930216533737576,1.60582378760304,0.287558910752898,99.226901377624,132.998688620797,0.186067581176758,0.0882303044199944,0.0537600591778755
"300",12009,2012,18,34,53,64.030131826742,33.8983050847458,100,0.736407719776021,0.575773483937613,2.02451917669553,0.215448596583966,113.604537421093,102.425000740462,-0.0968566164374352,-0.98168283700943,-0.447405815124512
"301",12009,2013,13,40,54,73.9371534195933,24.0295748613678,100,0.76280883163114,0.65124306019114,1.84632864649908,0.223171230113104,97.431559771033,110.66051307696,0.184323936700821,-0.604760110378265,-0.302851408720016
"302",12009,2014,9,15,24,62.2406639004149,37.344398340249,100,0.338500162197994,0.237338016803532,1.60972992309068,0.0990333898104784,76.0289077293562,57.1854563866032,-0.287784993648529,-0.55439567565918,0.475891828536987
"303",12009,2015,10,45,55,81.6696914700544,18.1488203266788,100,0.790559284759454,0.712916462033238,2.56344527044348,0.231288424826407,87.5303510169429,116.376269198616,0.483977913856506,0.520317673683167,0.599812567234039
"304",12009,2016,30,32,62,51.5297906602254,48.3091787439614,100,0.880919566360239,0.494277196830447,13.3274100399822,0.257725707889004,240.652027949412,95.1942093982554,0.548039019107819,0.261400908231735,1.86127948760986
"305",12009,2017,12,24,36,66.4819944598338,33.2409972299169,100,0.503207950685621,0.356872016772985,12.2324159021407,0.147221692563318,115.053809222357,78.4121010912753,0.0186208635568619,0.0770085081458092,1.04104518890381
"306",12009,2018,0,30,30,99.6677740863787,0,100,0.40529039056484,0.44006982441214,0,0.118575882607194,0,89.7107976669297,0.250155240297318,0.844934165477753,-1.42551338672638
"307",12010,2010,3,29,32,90.3426791277259,9.34579439252336,100,0.655993112072323,0.615828926971183,2.39808153477218,0.191886121251638,29.5943910028943,100.085899404742,0.636897385120392,0.815490424633026,0.117109097540379
"308",12010,2011,2,33,36,91.4127423822715,5.54016620498615,100,0.757400433401359,0.714734357063958,2.59403372243839,0.221545646082565,19.8880058800544,109.950419682246,0.793762922286987,1.33480417728424,0.25359645485878
"309",12010,2012,0,21,21,99.5260663507109,0,100,0.439137617364756,0.464078141919516,0,0.128451706052768,0,80.0144111335384,0.521711826324463,1.87895202636719,-0.557686865329742
"310",12010,2013,3,20,23,86.5800865800866,12.987012987013,100,0.449824959417966,0.418927127626149,1.85070943861814,0.131582882099151,29.4765200080662,76.1174942643667,0.546432971954346,1.52507352828979,1.33289647102356
"311",12010,2014,2,28,30,93.0232558139535,6.64451827242525,100,0.589842905172922,0.596239432720768,1.22624156958921,0.172540451931901,19.7645543928434,97.7595550624941,0.556268632411957,1.85079598426819,0.855423986911774
"312",12010,2015,1,9,10,89.1089108910891,9.9009900990099,100,0.190400030464005,0.185601451815801,0.56785917092561,0.055696667365219,9.93610086846213,39.3559829867224,-0.440352916717529,0.795056343078613,0.274533063173294
"313",12010,2016,2,13,15,86.0927152317881,13.2450331125828,100,0.290973986925569,0.275417893688693,1.09829763866008,0.0851161487949454,19.7374866472821,54.0929120689769,-0.21716795861721,1.52284753322601,1.27065110206604
"314",12010,2017,1,8,9,87.9120879120879,10.989010989011,100,0.164500740253331,0.159964807742297,0.540248514316586,0.0481215275011868,9.93285708170978,35.3522147575848,-1.04684853553772,0.0554243251681328,-0.317111551761627
"315",12010,2018,0,5,5,98.0392156862745,0,100,0.0932470487309077,0.104425555021825,0,0.0272773442155817,0,23.176697727046,-1.41102302074432,1.34217965602875,-0.256802827119827
"316",12101,2010,13,45,58,77.4526678141136,22.3752151462995,100,0.749828702925625,0.681291729118408,2.8193450444589,0.21938112415698,106.652996680974,113.825475014879,1.1653927564621,1.05212461948395,1.10054516792297
"317",12101,2011,2,40,42,95.0118764845606,4.75059382422803,100,0.526111410354374,0.602037898285697,0.364232380258605,0.15392878677064,19.2288235451084,106.762710107891,0.83919370174408,0.912212908267975,-0.757535338401794
"318",12101,2012,12,37,49,75.3564154786151,24.4399185336049,100,0.592710865962671,0.538173990196506,2.21770467566069,0.173416451635524,96.9990459367295,100.767982036444,0.796338260173798,1.90933763980865,2.05665445327759
"319",12101,2013,4,23,27,84.8708487084871,14.760147601476,100,0.333246935979561,0.344460918662294,0.836645053336122,0.097501331909949,37.3888015030367,76.4297734946162,0.126192674040794,1.27021396160126,0.675282180309296
"320",12101,2014,6,28,34,82.1114369501466,17.5953079178886,100,0.40567467277565,0.4124258001797,0.797766254487435,0.118693604932052,51.5111695797158,86.17184236652,-0.243428438901901,1.03635656833649,0.557842433452606
"321",12101,2015,9,25,35,71.2250712250712,25.6410256410256,100,0.413560043010244,0.376613790090538,1.1290929619872,0.121001127300275,71.3162712121414,80.8889827452527,-0.529223203659058,0.306406646966934,0.156050279736519
"322",12101,2016,8,44,52,84.4529750479847,15.3550863723608,100,0.607398581957926,0.642045205819264,1.03882612647708,0.177715897125736,65.3068350119366,110.504837045376,-0.282451897859573,1.22175228595734,0.500950634479523
"323",12101,2017,5,12,17,70.1754385964912,29.2397660818713,100,0.188886790146776,0.16929783722013,0.602337067823154,0.055266388233569,43.4188953575028,46.8932429304752,-1.53251731395721,-1.33407461643219,-1.2580931186676
"324",12101,2018,9,21,30,69.7674418604651,29.9003322259136,100,0.330538447130375,0.288774906835715,0.930617309481956,0.0967125025580655,68.2926250718405,69.9148968050352,-0.996845662593842,-0.554950714111328,-0.418807417154312
"325",12103,2010,0,3,3,96.7741935483871,0,100,0.0695716704158067,0.0740539606526622,0,0.0203490295438822,0,14.4239600174702,-1.61179542541504,-0.915021121501923,-1.15412902832031
"326",12103,2011,0,4,4,97.5609756097561,0,100,0.0959439687222662,0.101058588716809,0,0.0280620369208649,0,19.0109365217455,-1.4126101732254,-0.143809095025063,-0.839047253131866
"327",12103,2012,0,1,1,90.9090909090909,0,100,0.023551023291962,0.0254705687578004,0,0.00688837260637582,0,4.93631485961953,-1.91749250888824,-0.288069814443588,-0.323230087757111
"328",12103,2013,2,0,2,0,95.2380952380952,100,0.0489344523011426,0,1.21138703815869,0.0143123299764183,19.7617016608716,0,-1.57737147808075,-1.7744859457016,0.673879265785217
"329",12103,2014,0,2,2,95.2380952380952,0,100,0.0472466986369327,0.0485660863019354,0,0.013819025850594,0,9.73648639309696,-1.47941648960114,0.0235059298574924,-0.411246329545975
"330",12103,2015,0,1,1,90.9090909090909,0,100,0.0245573536995653,0.0258257792928902,0,0.00718250717288834,0,4.93717978661277,-1.92167794704437,-0.636279582977295,-0.531418561935425
"331",12103,2016,0,0,0,0,0,100,0,0,0,0,0,0,-2.66984057426453,-2.27897453308105,-1.37525868415833
"332",12103,2017,0,0,0,0,0,100,0,0,0,0,0,0,-2.83840227127075,-2.34968543052673,-1.42817986011505
"333",12103,2018,0,0,0,0,0,100,0,0,0,0,0,0,-2.48179411888123,-0.953482747077942,-0.264731079339981
"334",12104,2010,0,0,0,0,0,100,0,0,0,0,0,0,-2.51001071929932,-1.82798564434052,-1.06557989120483
"335",12104,2011,0,0,0,0,0,100,0,0,0,0,0,0,-2.46536111831665,-1.99148297309875,-1.22574961185455
"336",12104,2012,0,4,4,97.5609756097561,0,100,0.0758567066810794,0.0906597765236509,0,0.0221899902032311,0,18.9037080142669,-1.03016173839569,-0.0576833337545395,-0.871040105819702
"337",12104,2013,0,1,1,90.9090909090909,0,100,0.0186947336935185,0.0223558605888534,0,0.00546872034997688,0,4.92757052187114,-2.24197030067444,-1.38617360591888,-1.22009694576263
"338",12104,2014,0,0,0,0,0,100,0,0,0,0,0,0,-2.85289525985718,-1.94518160820007,-1.20205044746399
"339",12104,2015,0,0,0,0,0,100,0,0,0,0,0,0,-2.70772624015808,-1.61148571968079,-0.886242747306824
"340",12104,2016,0,4,4,97.5609756097561,0,100,0.0632701159424875,0.0700513125864696,0,0.0185097421325567,0,18.6037053977579,-1.50217342376709,-0.631817102432251,-1.31948161125183
"341",12104,2017,0,0,0,0,0,100,0,0,0,0,0,0,-2.74619674682617,-2.05662417411804,-1.23888385295868
"342",12104,2018,0,2,2,95.2380952380952,0,100,0.0307403821029495,0.0324091328936494,0,0.00899324632789668,0,9.61023702712241,-2.18974471092224,-1.27327942848206,-1.36976385116577
"343",12105,2010,0,0,0,0,0,100,0,0,0,0,0,0,-2.8078351020813,-2.05851745605469,-1.17256510257721
"344",12105,2011,0,15,15,99.3377483443709,0,100,0.133201907451315,0.151071094056863,0,0.0389760048746063,0,50.3554258895609,-0.284707337617874,0.686540544033051,-1.18312561511993
"345",12105,2012,0,3,3,96.7741935483871,0,100,0.0272131058317686,0.0301080880360494,0,0.00796274200075399,0,13.658371842644,-1.8182657957077,-1.2863894701004,-1.60220444202423
"346",12105,2013,0,3,3,96.7741935483871,0,100,0.0257906998736256,0.0304009890455103,0,0.00754663735207615,0,13.6701518999002,-2.42197036743164,-1.50321829319,-1.89690756797791
"347",12105,2014,0,0,0,0,0,100,0,0,0,0,0,0,-3.96543312072754,-3.07485365867615,-2.61737990379333
"348",12105,2015,2,8,10,79.2079207920792,19.8019801980198,100,0.0817721663900042,0.0782464960240999,0.150251671549846,0.0239277029204674,18.2278676498977,31.5264707658745,-1.61124873161316,-0.69607150554657,-0.89937037229538
"349",12105,2016,1,2,3,64.5161290322581,32.258064516129,100,0.0253419045285983,0.0204706195433005,0.0774533343660445,0.00741534633759082,9.5497324062236,9.39664133368443,-2.76253700256348,-1.99752509593964,-1.54561293125153
"350",12105,2017,1,4,5,78.4313725490196,19.6078431372549,100,0.0421084545355016,0.0416922900532619,0.0707163566933032,0.0123214496279305,9.50894292681267,17.760306503786,-2.79112958908081,-1.49563717842102,-1.52276229858398
"351",12105,2018,3,1,4,24.390243902439,73.1707317073171,100,0.035369746487342,0.00999290503742343,0.478392600861107,0.0103494980387643,28.0714017713074,4.84081553805528,-2.36075711250305,-2.00859642028809,-0.242610350251198
"352",12201,2010,1,0,1,0,90.9090909090909,100,0.0357513138607844,0,1000,0.0104531986005811,9.99996348107187,0,0.803649127483368,-1.01797723770142,0.801935732364655
"353",12201,2011,0,0,0,0,0,100,0,0,0,0,0,0,-0.291618227958679,-0.725631713867188,-0.308655261993408
"354",12201,2012,0,0,0,0,0,100,0,0,0,0,0,0,-0.311535596847534,-0.615602135658264,-0.192964673042297
"355",12201,2013,0,0,0,0,0,100,0,0,0,0,0,0,-0.427148401737213,-0.685937762260437,-0.221906155347824
"356",12201,2014,0,1,1,90.9090909090909,0,100,0.0338741912536838,0.0344815696010482,0,0.00990487849579504,0,4.95280046658873,1.00950682163239,0.475419282913208,-0.144763201475143
"357",12201,2015,1,1,2,47.6190476190476,47.6190476190476,100,0.0696112213288782,0.0352845700575138,1000,0.0203539192393692,9.99996348107187,4.95386471449777,1.33998012542725,0.336526989936829,1.51352775096893
"358",12201,2016,0,1,1,90.9090909090909,0,100,0.0367768747011879,0.0379924774894571,0,0.010752747245725,0,4.95712480202738,0.661200046539307,0.197621718049049,-0.190158516168594
"359",12201,2017,0,0,0,0,0,100,0,0,0,0,0,0,-0.682303786277771,-1.2928638458252,-0.616692304611206
"360",12201,2018,0,1,1,90.9090909090909,0,100,0.0354346054356685,0.0367904050623597,0,0.0103606900218645,0,4.95573631958986,0.3699551820755,-0.505491137504578,-0.50754326581955
"361",12202,2010,0,0,0,0,0,100,0,0,0,0,0,0,-0.981155574321747,-1.15848982334137,-0.511571526527405
"362",12202,2011,0,2,2,95.2380952380952,0,100,0.0737164129593454,0.0773365299099029,0,0.0215530042277362,0,9.83287942400043,0.115290999412537,-0.431051135063171,-0.753350257873535
"363",12202,2012,0,0,0,0,0,100,0,0,0,0,0,0,-1.31838297843933,-1.72899389266968,-0.96881490945816
"364",12202,2013,0,0,0,0,0,100,0,0,0,0,0,0,-0.978309631347656,-1.57069373130798,-0.820937633514404
"365",12202,2014,0,0,0,0,0,100,0,0,0,0,0,0,-1.03855609893799,-1.38841903209686,-0.706469774246216
"366",12202,2015,0,1,1,90.9090909090909,0,100,0.0322882696716283,0.0362963231824616,0,0.00944157485487158,0,4.95513918852001,-0.088817872107029,-0.663152992725372,-0.646636247634888
"367",12202,2016,0,1,1,90.9090909090909,0,100,0.0300381484485296,0.0323614122520307,0,0.00878416384759297,0,4.94973927400877,0.187080547213554,-0.350659757852554,-0.503315031528473
"368",12202,2017,0,0,0,0,0,100,0,0,0,0,0,0,-0.66052258014679,-0.968824446201324,-0.357414752244949
"369",12202,2018,0,0,0,0,0,100,0,0,0,0,0,0,-0.735296308994293,-1.0167099237442,-0.343293219804764
"370",12203,2010,0,0,0,0,0,100,0,0,0,0,0,0,-0.883851647377014,-1.08989298343658,-0.396841764450073
"371",12203,2011,0,0,0,0,0,100,0,0,0,0,0,0,-0.615602314472198,-0.877436995506287,-0.286742657423019
"372",12203,2012,0,2,2,95.2380952380952,0,100,0.104378685872345,0.113372257808514,0,0.0305047496504545,0,9.88539041970196,1.37709951400757,0.612792015075684,-0.248960018157959
"373",12203,2013,0,0,0,0,0,100,0,0,0,0,0,0,-0.481231659650803,-0.810387790203094,-0.230506658554077
"374",12203,2014,0,0,0,0,0,100,0,0,0,0,0,0,-0.619769752025604,-0.944485723972321,-0.331000834703445
"375",12203,2015,2,0,2,0,95.2380952380952,100,0.0874852368662788,0,19.8019801980198,0.0255737237756067,19.98525717472,0,1.15893614292145,-0.983766555786133,1.75505948066711
"376",12203,2016,0,0,0,0,0,100,0,0,0,0,0,0,-0.594875335693359,-1.12976217269897,-0.48196142911911
"377",12203,2017,0,0,0,0,0,100,0,0,0,0,0,0,-0.490390241146088,-1.00581848621368,-0.38250458240509
"378",12203,2018,1,0,1,0,90.9090909090909,100,0.0440315265730263,0,1000,0.012871210656948,9.99996348107187,0,0.909577131271362,-0.845597982406616,1.2061425447464
"379",12300,2010,0,2,2,95.2380952380952,0,100,0.0325197964260744,0.035517039299604,0,0.00951358336210082,0,9.64312594572163,-1.26387655735016,-0.294606298208237,-0.491169571876526
"380",12300,2011,0,3,3,96.7741935483871,0,100,0.044006982441214,0.0471764872387602,0,0.0128747090182447,0,14.1151372464233,-0.956021010875702,0.388115167617798,-0.355572491884232
"381",12300,2012,1,0,1,0,90.9090909090909,100,0.0143944955449036,0,0.347101700798334,0.00421129486238286,9.89588400299808,0,-1.74847173690796,-1.13479721546173,1.09792733192444
"382",12300,2013,0,5,5,98.0392156862745,0,100,0.0715195033685686,0.0755047492487277,0,0.0209240043999912,0,22.5468428143747,-0.737952470779419,0.808396995067596,-0.364596843719482
"383",12300,2014,1,1,2,47.6190476190476,47.6190476190476,100,0.0271772363468359,0.0148895936629889,0.171791788352517,0.00795123119976715,9.79184739814611,4.89203557873051,-1.73063933849335,-0.783061385154724,0.708994626998901
"384",12300,2015,0,3,3,96.7741935483871,0,100,0.0402031599683735,0.0433269305758149,0,0.0117622818614896,0,14.0415415804929,-1.66519284248352,0.0752665400505066,-0.470995932817459
"385",12300,2016,1,2,3,64.5161290322581,32.258064516129,100,0.0382355565185251,0.0272364532690553,0.263782643102084,0.0111868253259777,9.86344673269923,9.53962205761498,-1.79366719722748,-0.533969640731812,0.544971764087677
"386",12300,2017,0,2,2,95.2380952380952,0,100,0.0239834034847885,0.026332767178839,0,0.00701712967325646,0,9.52457397506509,-2.06060147285461,-0.665124416351318,-0.679062128067017
"387",12300,2018,1,2,3,64.5161290322581,32.258064516129,100,0.0340016547471977,0.0251822565820123,0.144071459443884,0.00994848191259085,9.75278750695407,9.50393052966211,-1.9421614408493,-0.995341956615448,0.0920058637857437
"388",980100,2010,0,0,0,0,0,100,0,0,0,0,0,0,-0.153686046600342,-0.0373819097876549,-0.00753710698336363
"389",980100,2011,12,0,12,0,99.1735537190083,100,12000,0,12000,120,119.994741485589,0,5.07850694656372,-0.0373819097876549,8.06893539428711
"390",980100,2012,0,2,2,95.2380952380952,0,100,2000,2000,0,20,0,9.99999342790836,2.58768677711487,3.16981959342957,-0.00753710698336363
"391",980100,2013,0,1,1,90.9090909090909,0,100,1000,1000,0,10,0,4.99999835697655,1.57208967208862,1.81156301498413,-0.00753710698336363
"392",980100,2014,0,1,1,90.9090909090909,0,100,1000,1000,0,10,0,4.99999835697655,1.57208967208862,1.81156301498413,-0.00753710698336363
"393",980100,2015,0,0,0,0,0,100,0,0,0,0,0,0,-0.153686046600342,-0.0373819097876549,-0.00753710698336363
"394",980100,2016,0,0,0,0,0,100,0,0,0,0,0,0,-0.153686046600342,-0.0373819097876549,-0.00753710698336363
"395",980100,2017,0,0,0,0,0,100,0,0,0,0,0,0,-0.153686046600342,-0.0373819097876549,-0.00753710698336363
"396",980100,2018,0,3,3,96.7741935483871,0,100,3000,3000,0,30,0,14.9999852127987,3.21062183380127,4.04591369628906,-0.00753710698336363
